motif_ID	motif_ALT_ID	motif_Score	seq_ID	seq_Score	seq_Class	is_holdout?
1-ATTCACTCG	STREME-1	1.0e-007	NC_015948.1:832251-832552	15.65	tp	0
1-ATTCACTCG	STREME-1	1.0e-007	NC_015948.1:1358448-1358749	15.65	tp	0
1-ATTCACTCG	STREME-1	1.0e-007	NC_015948.1:1315388-1315689	15.65	tp	0
1-ATTCACTCG	STREME-1	1.0e-007	NC_015948.1:2237447-2237748	15.65	tp	0
1-ATTCACTCG	STREME-1	1.0e-007	NC_015943.1:325158-325459	13.82	tp	0
1-ATTCACTCG	STREME-1	1.0e-007	NC_015948.1:2635395-2635696	13.05	tp	0
1-ATTCACTCG	STREME-1	1.0e-007	NC_015948.1:2563446-2563747	13.02	tp	0
1-ATTCACTCG	STREME-1	1.0e-007	NC_015948.1:168780-169081	12.86	tp	0
1-ATTCACTCG	STREME-1	1.0e-007	NC_015948.1:959805-960106	11.53	tp	0
1-ATTCACTCG	STREME-1	1.0e-007	NC_015948.1:2701035-2701336	11.15	tp	0
1-ATTCACTCG	STREME-1	1.0e-007	NC_015944.1:134267-134568	9.21	tp	0
1-ATTCACTCG	STREME-1	1.0e-007	NC_015948.1:1211382-1211683	8.88	tp	0
1-ATTCACTCG	STREME-1	1.0e-007	NC_015944.1:133665-133966	8.78	tp	0
1-ATTCACTCG	STREME-1	1.0e-007	NC_015944.1:41487-41788	8.38	tp	0
#
2-CACCGSG	STREME-2	1.0e-007	NC_015948.1:832251-832552	11.42	tp	0
2-CACCGSG	STREME-2	1.0e-007	NC_015948.1:1211382-1211683	11.42	tp	0
2-CACCGSG	STREME-2	1.0e-007	NC_015948.1:1315388-1315689	11.42	tp	0
2-CACCGSG	STREME-2	1.0e-007	NC_015944.1:133665-133966	11.42	tp	0
2-CACCGSG	STREME-2	1.0e-007	NC_015948.1:2635395-2635696	10.92	tp	0
2-CACCGSG	STREME-2	1.0e-007	NC_015944.1:134267-134568	10.92	tp	0
2-CACCGSG	STREME-2	1.0e-007	NC_015948.1:2701035-2701336	10.92	tp	0
2-CACCGSG	STREME-2	1.0e-007	NC_015948.1:1211382-1211683	10.92	fp	0
2-CACCGSG	STREME-2	1.0e-007	NC_015948.1:1358448-1358749	9.31	tp	0
2-CACCGSG	STREME-2	1.0e-007	NC_015948.1:2237447-2237748	9.28	tp	0
2-CACCGSG	STREME-2	1.0e-007	NC_015948.1:2563446-2563747	9.27	tp	0
2-CACCGSG	STREME-2	1.0e-007	NC_015944.1:41487-41788	9.15	tp	0
2-CACCGSG	STREME-2	1.0e-007	NC_015948.1:2921012-2921313	8.93	tp	0
2-CACCGSG	STREME-2	1.0e-007	NC_015948.1:168780-169081	8.93	tp	0
2-CACCGSG	STREME-2	1.0e-007	NC_015943.1:325158-325459	8.46	tp	0
2-CACCGSG	STREME-2	1.0e-007	NC_015948.1:959805-960106	8.07	tp	0
#
3-CGKCGRCGAG	STREME-3	5.3e-006	NC_015944.1:41487-41788	14.71	tp	0
3-CGKCGRCGAG	STREME-3	5.3e-006	NC_015944.1:134267-134568	14.71	tp	0
3-CGKCGRCGAG	STREME-3	5.3e-006	NC_015948.1:1211382-1211683	14.43	tp	0
3-CGKCGRCGAG	STREME-3	5.3e-006	NC_015948.1:2237447-2237748	13.41	tp	0
3-CGKCGRCGAG	STREME-3	5.3e-006	NC_015948.1:2921012-2921313	12.71	tp	0
3-CGKCGRCGAG	STREME-3	5.3e-006	NC_015948.1:2701035-2701336	12.30	tp	0
3-CGKCGRCGAG	STREME-3	5.3e-006	NC_015948.1:1315388-1315689	11.80	tp	0
3-CGKCGRCGAG	STREME-3	5.3e-006	NC_015948.1:832251-832552	11.73	tp	0
3-CGKCGRCGAG	STREME-3	5.3e-006	NC_015948.1:2563446-2563747	11.27	tp	0
3-CGKCGRCGAG	STREME-3	5.3e-006	NC_015948.1:959805-960106	11.25	tp	0
3-CGKCGRCGAG	STREME-3	5.3e-006	NC_015943.1:325158-325459	10.59	tp	0
#
4-GAARCYRTT	STREME-4	1.1e-005	NC_015948.1:2635395-2635696	13.46	tp	0
4-GAARCYRTT	STREME-4	1.1e-005	NC_015944.1:134267-134568	13.05	tp	0
4-GAARCYRTT	STREME-4	1.1e-005	NC_015948.1:1211382-1211683	12.97	tp	0
4-GAARCYRTT	STREME-4	1.1e-005	NC_015943.1:325158-325459	12.57	tp	0
4-GAARCYRTT	STREME-4	1.1e-005	NC_015948.1:168780-169081	12.42	tp	0
4-GAARCYRTT	STREME-4	1.1e-005	NC_015948.1:832251-832552	12.35	tp	0
4-GAARCYRTT	STREME-4	1.1e-005	NC_015944.1:133665-133966	12.23	tp	0
4-GAARCYRTT	STREME-4	1.1e-005	NC_015948.1:959805-960106	11.13	tp	0
4-GAARCYRTT	STREME-4	1.1e-005	NC_015948.1:2563446-2563747	10.90	tp	0
4-GAARCYRTT	STREME-4	1.1e-005	NC_015944.1:41487-41788	10.67	tp	0
4-GAARCYRTT	STREME-4	1.1e-005	NC_015948.1:1315388-1315689	10.40	tp	0
4-GAARCYRTT	STREME-4	1.1e-005	NC_015948.1:2921012-2921313	10.15	tp	0
4-GAARCYRTT	STREME-4	1.1e-005	NC_015944.1:133665-133966	10.15	fp	0
#
5-CGGCAGCGA	STREME-5	2.5e-005	NC_015944.1:134267-134568	16.44	tp	0
5-CGGCAGCGA	STREME-5	2.5e-005	NC_015948.1:2563446-2563747	11.47	tp	0
5-CGGCAGCGA	STREME-5	2.5e-005	NC_015948.1:2237447-2237748	10.92	tp	0
5-CGGCAGCGA	STREME-5	2.5e-005	NC_015948.1:1211382-1211683	10.64	tp	0
5-CGGCAGCGA	STREME-5	2.5e-005	NC_015948.1:959805-960106	10.64	tp	0
5-CGGCAGCGA	STREME-5	2.5e-005	NC_015948.1:2701035-2701336	6.85	tp	0
5-CGGCAGCGA	STREME-5	2.5e-005	NC_015948.1:1358448-1358749	6.71	tp	0
5-CGGCAGCGA	STREME-5	2.5e-005	NC_015948.1:832251-832552	6.58	tp	0
5-CGGCAGCGA	STREME-5	2.5e-005	NC_015944.1:41487-41788	6.48	tp	0
5-CGGCAGCGA	STREME-5	2.5e-005	NC_015948.1:2921012-2921313	6.48	tp	0
5-CGGCAGCGA	STREME-5	2.5e-005	NC_015943.1:325158-325459	6.30	tp	0
